person,image,width,height,blur,brightness,status
person_0001,frame_101_face.jpg,28,50,363.48,129.89,Accepted
person_0001,frame_111_face.jpg,27,48,482.53,126.01,Accepted
person_0001,frame_121_face.jpg,29,49,411.55,129.41,Accepted
person_0001,frame_131_face.jpg,33,51,468.02,127.96,Accepted
person_0001,frame_141_face.jpg,33,51,497.13,127.93,Accepted
person_0001,frame_151_face.jpg,35,55,426.65,125.89,Accepted
person_0001,frame_161_face.jpg,33,53,498.14,128.62,Accepted
person_0001,frame_171_face.jpg,32,52,514.59,133.09,Accepted
person_0001,frame_181_face.jpg,31,48,516.7,131.33,Accepted
person_0001,frame_191_face.jpg,30,52,619.49,132.83,Accepted
person_0001,frame_201_face.jpg,31,48,506.65,123.19,Accepted
person_0001,frame_211_face.jpg,32,48,398.12,131.55,Accepted
person_0001,frame_221_face.jpg,33,52,564.04,126.23,Accepted
person_0001,frame_231_face.jpg,35,51,400.54,127.72,Accepted
person_0001,frame_241_face.jpg,36,49,537.3,113.45,Accepted
person_0001,frame_251_face.jpg,39,51,552.94,105.05,Accepted
person_0001,frame_261_face.jpg,39,52,405.82,104.31,Accepted
person_0001,frame_271_face.jpg,39,53,420.26,105.15,Accepted
person_0001,frame_281_face.jpg,35,51,666.77,123.69,Accepted
person_0001,frame_291_face.jpg,31,50,882.87,137.08,Accepted
person_0001,frame_301_face.jpg,30,49,491.51,128.58,Accepted
person_0001,frame_311_face.jpg,30,48,409.26,106.75,Accepted
person_0001,frame_321_face.jpg,29,48,611.2,105.65,Accepted
person_0001,frame_331_face.jpg,29,46,517.31,103.24,Accepted
person_0001,frame_341_face.jpg,30,47,587.26,104.98,Accepted
person_0001,frame_351_face.jpg,28,46,731.03,124.94,Accepted
person_0001,frame_361_face.jpg,30,46,745.11,128.51,Accepted
person_0001,frame_371_face.jpg,32,47,591.02,128.44,Accepted
person_0001,frame_381_face.jpg,31,49,663.81,122.53,Accepted
person_0001,frame_391_face.jpg,32,49,522.98,119.3,Accepted
person_0001,frame_401_face.jpg,32,49,436.69,115.92,Accepted
person_0001,frame_411_face.jpg,31,49,581.0,123.31,Accepted
person_0001,frame_421_face.jpg,31,49,413.43,122.59,Accepted
person_0001,frame_431_face.jpg,32,48,345.39,126.09,Accepted
person_0001,frame_441_face.jpg,34,49,418.64,120.31,Accepted
person_0001,frame_451_face.jpg,36,48,380.91,111.21,Accepted
person_0001,frame_461_face.jpg,35,49,347.74,116.74,Accepted
person_0001,frame_471_face.jpg,32,52,368.94,128.72,Accepted
person_0001,frame_481_face.jpg,30,51,550.21,137.66,Accepted
person_0001,frame_491_face.jpg,31,49,342.47,120.4,Accepted
person_0001,frame_501_face.jpg,28,47,400.33,109.76,Accepted
person_0001,frame_511_face.jpg,29,47,372.96,121.23,Accepted
person_0001,frame_521_face.jpg,29,45,385.71,123.92,Accepted
person_0001,frame_531_face.jpg,29,46,322.4,123.55,Accepted
person_0001,frame_541_face.jpg,28,46,344.34,124.8,Accepted
person_0001,frame_551_face.jpg,27,46,415.8,117.65,Accepted
person_0001,frame_571_face.jpg,26,43,344.94,115.77,Accepted
person_0001,frame_581_face.jpg,25,42,422.13,114.62,Accepted
person_0001,frame_591_face.jpg,25,45,380.18,115.9,Accepted
person_0001,frame_601_face.jpg,26,44,681.94,121.57,Accepted
person_0001,frame_611_face.jpg,31,48,733.16,122.78,Accepted
person_0001,frame_621_face.jpg,31,45,878.83,113.14,Accepted
person_0001,frame_631_face.jpg,34,48,573.01,105.14,Accepted
person_0001,frame_641_face.jpg,32,42,674.92,104.3,Accepted
person_0001,frame_651_face.jpg,32,43,629.18,103.32,Accepted
person_0001,frame_661_face.jpg,31,44,728.22,102.64,Accepted
person_0001,frame_671_face.jpg,32,44,597.59,103.68,Accepted
person_0001,frame_681_face.jpg,31,44,589.86,101.47,Accepted
person_0001,frame_691_face.jpg,32,44,616.52,99.62,Accepted
person_0001,frame_701_face.jpg,32,42,567.59,105.78,Accepted
person_0001,frame_711_face.jpg,32,44,596.22,104.16,Accepted
person_0001,frame_721_face.jpg,32,44,651.44,103.14,Accepted
person_0001,frame_731_face.jpg,33,45,537.96,106.85,Accepted
person_0001,frame_741_face.jpg,33,44,552.28,104.03,Accepted
person_0001,frame_751_face.jpg,33,45,743.53,105.22,Accepted
person_0001,frame_761_face.jpg,32,46,523.29,105.68,Accepted
person_0001,frame_771_face.jpg,33,45,352.18,108.6,Accepted
person_0001,frame_781_face.jpg,35,47,384.62,107.56,Accepted
person_0001,frame_791_face.jpg,36,49,450.33,96.28,Accepted
person_0001,frame_801_face.jpg,38,49,274.52,98.5,Accepted
person_0001,frame_811_face.jpg,39,51,370.89,98.89,Accepted
person_0001,frame_81_face.jpg,18,49,619.9,140.7,Small Face (18x49)
person_0001,frame_821_face.jpg,40,53,319.46,100.09,Accepted
person_0001,frame_831_face.jpg,39,54,332.55,101.17,Accepted
person_0001,frame_91_face.jpg,27,50,419.55,128.83,Accepted
person_0002,frame_101_face.jpg,26,35,320.86,142.3,Accepted
person_0002,frame_111_face.jpg,30,59,642.7,99.91,Accepted
person_0002,frame_11_face.jpg,26,33,391.99,147.52,Accepted
person_0002,frame_121_face.jpg,30,54,620.61,97.02,Accepted
person_0002,frame_131_face.jpg,29,52,652.43,96.33,Accepted
person_0002,frame_141_face.jpg,24,34,259.15,141.3,Accepted
person_0002,frame_151_face.jpg,31,56,576.39,97.09,Accepted
person_0002,frame_161_face.jpg,31,58,510.12,98.05,Accepted
person_0002,frame_171_face.jpg,31,57,474.88,97.28,Accepted
person_0002,frame_181_face.jpg,30,55,493.84,95.84,Accepted
person_0002,frame_191_face.jpg,30,53,527.92,94.52,Accepted
person_0002,frame_1_face.jpg,26,35,464.15,143.64,Accepted
person_0002,frame_201_face.jpg,30,53,610.49,93.48,Accepted
person_0002,frame_211_face.jpg,32,53,503.34,90.74,Accepted
person_0002,frame_21_face.jpg,26,35,381.51,144.29,Accepted
person_0002,frame_221_face.jpg,25,34,354.66,144.02,Accepted
person_0002,frame_231_face.jpg,28,44,882.93,93.56,Accepted
person_0002,frame_272_face.jpg,27,34,338.19,144.51,Accepted
person_0002,frame_286_face.jpg,30,46,867.25,89.12,Accepted
person_0002,frame_296_face.jpg,30,49,822.75,90.75,Accepted
person_0002,frame_306_face.jpg,30,51,723.0,93.53,Accepted
person_0002,frame_316_face.jpg,29,34,266.23,144.25,Accepted
person_0002,frame_31_face.jpg,26,35,351.74,141.87,Accepted
person_0002,frame_326_face.jpg,29,52,663.76,95.42,Accepted
person_0002,frame_336_face.jpg,30,52,517.6,95.5,Accepted
person_0002,frame_41_face.jpg,25,35,385.75,140.88,Accepted
person_0002,frame_51_face.jpg,27,50,723.49,94.93,Accepted
person_0002,frame_532_face.jpg,26,34,542.22,160.97,Accepted
person_0002,frame_542_face.jpg,25,35,513.64,158.37,Accepted
person_0002,frame_552_face.jpg,24,36,456.77,159.88,Accepted
person_0002,frame_563_face.jpg,24,36,435.48,159.28,Accepted
person_0002,frame_573_face.jpg,24,36,429.75,160.89,Accepted
person_0002,frame_583_face.jpg,23,35,504.02,157.48,Accepted
person_0002,frame_593_face.jpg,23,34,451.55,157.53,Accepted
person_0002,frame_603_face.jpg,23,35,403.9,156.86,Accepted
person_0002,frame_615_face.jpg,23,32,403.71,155.75,Accepted
person_0002,frame_61_face.jpg,26,33,290.3,140.66,Accepted
person_0002,frame_631_face.jpg,28,32,1361.46,132.77,Accepted
person_0002,frame_641_face.jpg,27,33,816.37,130.66,Accepted
person_0002,frame_651_face.jpg,27,34,684.02,129.9,Accepted
person_0002,frame_661_face.jpg,26,34,539.79,132.35,Accepted
person_0002,frame_671_face.jpg,24,34,439.81,143.03,Accepted
person_0002,frame_681_face.jpg,25,33,691.91,155.92,Accepted
person_0002,frame_71_face.jpg,27,50,820.64,96.7,Accepted
person_0002,frame_770_face.jpg,26,36,477.29,152.04,Accepted
person_0002,frame_780_face.jpg,25,35,480.72,153.99,Accepted
person_0002,frame_790_face.jpg,25,34,494.73,153.98,Accepted
person_0002,frame_800_face.jpg,24,34,495.51,153.55,Accepted
person_0002,frame_810_face.jpg,26,34,435.43,149.54,Accepted
person_0002,frame_81_face.jpg,28,55,635.49,99.36,Accepted
person_0002,frame_820_face.jpg,27,34,365.44,144.71,Accepted
person_0002,frame_830_face.jpg,28,34,328.19,140.64,Accepted
person_0002,frame_91_face.jpg,28,54,770.11,96.67,Accepted
person_0003,frame_101_face.jpg,29,43,476.45,149.46,Accepted
person_0003,frame_111_face.jpg,29,43,503.25,149.72,Accepted
person_0003,frame_11_face.jpg,30,42,395.31,147.97,Accepted
person_0003,frame_121_face.jpg,29,43,543.12,150.01,Accepted
person_0003,frame_131_face.jpg,29,44,470.93,150.67,Accepted
person_0003,frame_141_face.jpg,29,43,424.37,150.82,Accepted
person_0003,frame_151_face.jpg,29,44,405.24,151.02,Accepted
person_0003,frame_161_face.jpg,29,44,452.96,151.83,Accepted
person_0003,frame_171_face.jpg,29,43,480.21,150.93,Accepted
person_0003,frame_181_face.jpg,29,43,432.85,151.91,Accepted
person_0003,frame_191_face.jpg,29,42,393.19,151.64,Accepted
person_0003,frame_1_face.jpg,31,43,365.28,148.65,Accepted
person_0003,frame_201_face.jpg,29,42,508.08,152.93,Accepted
person_0003,frame_211_face.jpg,30,42,459.5,154.16,Accepted
person_0003,frame_21_face.jpg,32,43,397.33,147.18,Accepted
person_0003,frame_221_face.jpg,29,42,335.45,152.18,Accepted
person_0003,frame_231_face.jpg,29,41,466.48,152.01,Accepted
person_0003,frame_241_face.jpg,29,41,636.54,150.27,Accepted
person_0003,frame_251_face.jpg,29,40,726.0,149.33,Accepted
person_0003,frame_261_face.jpg,28,39,498.3,151.25,Accepted
person_0003,frame_290_face.jpg,28,40,417.64,146.05,Accepted
person_0003,frame_31_face.jpg,30,43,241.93,146.01,Accepted
person_0003,frame_41_face.jpg,31,44,414.54,147.69,Accepted
person_0003,frame_51_face.jpg,30,44,515.6,147.39,Accepted
person_0003,frame_61_face.jpg,29,43,476.18,148.48,Accepted
person_0003,frame_71_face.jpg,29,45,486.76,149.59,Accepted
person_0003,frame_81_face.jpg,30,44,463.72,147.92,Accepted
person_0003,frame_91_face.jpg,29,45,513.51,149.13,Accepted
person_0005,frame_103_face.jpg,30,51,736.54,93.29,Accepted
person_0005,frame_113_face.jpg,32,53,635.23,93.84,Accepted
person_0005,frame_123_face.jpg,32,54,611.17,93.56,Accepted
person_0005,frame_133_face.jpg,31,52,599.52,94.74,Accepted
person_0005,frame_143_face.jpg,31,53,659.22,95.59,Accepted
person_0005,frame_153_face.jpg,32,54,761.79,94.53,Accepted
person_0005,frame_163_face.jpg,32,53,511.13,93.52,Accepted
person_0005,frame_173_face.jpg,33,52,523.32,92.05,Accepted
person_0005,frame_183_face.jpg,31,52,468.65,92.16,Accepted
person_0005,frame_193_face.jpg,32,50,546.47,89.06,Accepted
person_0005,frame_203_face.jpg,31,52,875.62,92.13,Accepted
person_0005,frame_213_face.jpg,31,55,791.76,94.5,Accepted
person_0005,frame_233_face.jpg,30,49,865.01,89.95,Accepted
person_0005,frame_243_face.jpg,29,47,788.33,91.84,Accepted
person_0005,frame_253_face.jpg,31,46,846.33,88.99,Accepted
person_0005,frame_263_face.jpg,31,45,888.93,87.37,Accepted
person_0005,frame_273_face.jpg,31,46,780.15,87.52,Accepted
person_0005,frame_283_face.jpg,32,47,891.45,85.96,Accepted
person_0005,frame_293_face.jpg,30,50,1192.36,93.05,Accepted
person_0005,frame_303_face.jpg,32,52,803.93,91.86,Accepted
person_0005,frame_313_face.jpg,31,53,833.31,93.67,Accepted
person_0005,frame_327_face.jpg,30,52,805.13,95.77,Accepted
person_0005,frame_337_face.jpg,30,53,1028.5,96.35,Accepted
person_0005,frame_371_face.jpg,24,45,663.35,97.65,Accepted
person_0005,frame_391_face.jpg,25,50,904.5,96.36,Accepted
person_0005,frame_411_face.jpg,25,52,502.03,90.36,Accepted
person_0005,frame_43_face.jpg,28,50,861.34,87.67,Accepted
person_0005,frame_441_face.jpg,31,50,165.71,112.24,Accepted
person_0005,frame_451_face.jpg,36,52,475.76,111.18,Accepted
person_0005,frame_462_face.jpg,41,54,558.36,122.67,Accepted
person_0005,frame_472_face.jpg,42,54,387.55,120.76,Accepted
person_0005,frame_482_face.jpg,43,53,220.87,109.75,Accepted
person_0005,frame_492_face.jpg,45,51,199.3,99.1,Accepted
person_0005,frame_502_face.jpg,43,48,316.4,99.37,Accepted
person_0005,frame_512_face.jpg,43,43,225.26,93.61,Accepted
person_0005,frame_522_face.jpg,41,38,234.53,82.99,Accepted
person_0005,frame_53_face.jpg,29,49,766.6,90.46,Accepted
person_0005,frame_542_face.jpg,34,41,96.41,82.33,Accepted
person_0005,frame_63_face.jpg,31,57,700.4,95.13,Accepted
person_0005,frame_73_face.jpg,31,52,779.7,92.14,Accepted
person_0005,frame_83_face.jpg,31,54,650.82,92.75,Accepted
person_0005,frame_93_face.jpg,32,53,632.0,92.23,Accepted
person_0006,frame_104_face.jpg,34,44,253.76,81.58,Accepted
person_0006,frame_114_face.jpg,35,44,267.63,79.77,Accepted
person_0006,frame_124_face.jpg,33,43,276.0,80.35,Accepted
person_0006,frame_139_face.jpg,33,44,224.91,81.31,Accepted
person_0006,frame_149_face.jpg,32,44,230.58,81.76,Accepted
person_0006,frame_14_face.jpg,38,43,316.74,90.86,Accepted
person_0006,frame_159_face.jpg,32,43,221.78,81.46,Accepted
person_0006,frame_169_face.jpg,32,43,242.99,81.02,Accepted
person_0006,frame_179_face.jpg,33,43,228.02,82.52,Accepted
person_0006,frame_189_face.jpg,35,44,223.25,81.72,Accepted
person_0006,frame_24_face.jpg,37,43,268.6,86.46,Accepted
person_0006,frame_263_face.jpg,32,43,303.27,79.57,Accepted
person_0006,frame_34_face.jpg,37,43,356.09,81.57,Accepted
person_0006,frame_44_face.jpg,34,43,418.84,81.56,Accepted
person_0006,frame_4_face.jpg,38,47,265.8,87.65,Accepted
person_0006,frame_54_face.jpg,33,42,352.24,80.64,Accepted
person_0006,frame_64_face.jpg,33,43,284.07,81.62,Accepted
person_0006,frame_74_face.jpg,33,43,295.22,83.62,Accepted
person_0006,frame_84_face.jpg,34,43,245.11,82.62,Accepted
person_0006,frame_94_face.jpg,33,43,237.12,83.39,Accepted
person_0008,frame_65_face.jpg,29,43,287.91,145.53,Accepted
person_0008,frame_75_face.jpg,28,44,557.09,150.07,Accepted
person_0008,frame_85_face.jpg,29,45,430.66,149.77,Accepted
person_0009,frame_682_face.jpg,27,31,864.54,86.12,Accepted
person_0009,frame_692_face.jpg,29,32,1115.63,86.11,Accepted
person_0009,frame_713_face.jpg,33,37,531.36,79.58,Accepted
person_0010,frame_280_face.jpg,30,39,393.83,145.9,Accepted
person_0010,frame_290_face.jpg,29,38,398.6,145.55,Accepted
person_0010,frame_300_face.jpg,29,39,451.2,146.09,Accepted
person_0010,frame_310_face.jpg,28,37,407.4,147.72,Accepted
person_0010,frame_320_face.jpg,28,38,532.41,146.58,Accepted
person_0010,frame_330_face.jpg,28,38,339.85,145.83,Accepted
person_0010,frame_340_face.jpg,28,39,414.15,147.08,Accepted
person_0010,frame_350_face.jpg,27,36,259.56,144.84,Accepted
person_0010,frame_360_face.jpg,28,38,355.96,136.51,Accepted
person_0010,frame_370_face.jpg,33,41,506.05,140.47,Accepted
person_0010,frame_380_face.jpg,35,44,294.25,137.86,Accepted
person_0010,frame_390_face.jpg,32,43,390.53,132.47,Accepted
person_0010,frame_400_face.jpg,31,40,252.32,130.33,Accepted
person_0010,frame_410_face.jpg,31,39,173.74,128.92,Accepted
person_0010,frame_420_face.jpg,30,40,128.9,131.25,Accepted
person_0010,frame_430_face.jpg,35,45,232.0,135.26,Accepted
person_0010,frame_440_face.jpg,34,46,374.81,143.99,Accepted
person_0010,frame_450_face.jpg,32,47,305.36,142.59,Accepted
person_0010,frame_460_face.jpg,31,44,643.59,152.34,Accepted
person_0010,frame_470_face.jpg,29,44,442.89,151.94,Accepted
person_0010,frame_480_face.jpg,28,45,291.35,146.49,Accepted
person_0010,frame_490_face.jpg,26,40,205.53,147.74,Accepted
person_0010,frame_500_face.jpg,27,42,357.36,150.05,Accepted
person_0010,frame_510_face.jpg,29,41,290.35,148.33,Accepted
person_0010,frame_520_face.jpg,28,43,334.5,145.15,Accepted
person_0010,frame_530_face.jpg,28,48,747.83,147.76,Accepted
person_0010,frame_540_face.jpg,21,41,283.54,150.32,Accepted
person_0010,frame_640_face.jpg,25,15,1188.72,141.12,Small Face (25x15)
person_0010,frame_680_face.jpg,25,28,555.87,147.46,Accepted
person_0010,frame_690_face.jpg,29,31,722.88,108.52,Accepted
person_0010,frame_761_face.jpg,19,32,576.92,136.75,Small Face (19x32)
person_0010,frame_771_face.jpg,19,31,468.75,141.51,Small Face (19x31)
person_0010,frame_781_face.jpg,21,36,474.34,147.46,Accepted
person_0010,frame_791_face.jpg,22,37,360.32,149.97,Accepted
person_0010,frame_801_face.jpg,22,36,319.73,152.98,Accepted
person_0010,frame_811_face.jpg,23,37,434.92,149.76,Accepted
person_0010,frame_821_face.jpg,26,35,366.72,144.29,Accepted
person_0010,frame_831_face.jpg,27,37,574.2,131.05,Accepted
person_0011,frame_452_face.jpg,35,45,330.78,80.71,Accepted
person_0011,frame_462_face.jpg,36,45,336.46,83.55,Accepted
person_0011,frame_472_face.jpg,36,44,319.42,84.12,Accepted
person_0011,frame_482_face.jpg,37,44,332.71,83.24,Accepted
person_0011,frame_492_face.jpg,38,45,246.62,86.07,Accepted
person_0011,frame_502_face.jpg,36,44,157.69,82.48,Accepted
person_0011,frame_512_face.jpg,36,44,185.8,85.1,Accepted
person_0011,frame_522_face.jpg,35,45,272.8,73.76,Accepted
person_0011,frame_532_face.jpg,34,45,352.42,68.81,Accepted
person_0011,frame_542_face.jpg,32,43,266.63,66.81,Accepted
person_0013,frame_731_face.jpg,32,41,310.87,115.03,Accepted
person_0013,frame_741_face.jpg,33,42,315.68,116.62,Accepted
person_0013,frame_751_face.jpg,31,40,408.64,116.49,Accepted
person_0013,frame_761_face.jpg,34,41,432.01,112.38,Accepted
person_0013,frame_771_face.jpg,33,42,359.32,112.94,Accepted
person_0013,frame_781_face.jpg,33,42,780.38,114.03,Accepted
person_0013,frame_791_face.jpg,36,44,863.48,101.19,Accepted
person_0013,frame_801_face.jpg,35,45,248.0,108.3,Accepted
person_0013,frame_811_face.jpg,38,49,492.75,105.06,Accepted
person_0013,frame_821_face.jpg,37,50,493.77,108.91,Accepted
person_0013,frame_831_face.jpg,36,52,331.33,112.13,Accepted
person_0027,frame_102_face.jpg,37,60,692.86,78.44,Accepted
person_0027,frame_112_face.jpg,37,62,369.57,72.54,Accepted
person_0027,frame_122_face.jpg,37,56,389.56,71.83,Accepted
person_0027,frame_12_face.jpg,21,36,757.48,130.1,Accepted
person_0027,frame_132_face.jpg,23,28,1451.94,106.9,Accepted
person_0027,frame_142_face.jpg,21,27,1659.05,106.84,Accepted
person_0027,frame_152_face.jpg,33,57,575.76,69.66,Accepted
person_0027,frame_162_face.jpg,35,58,443.81,69.99,Accepted
person_0027,frame_172_face.jpg,42,67,543.62,77.48,Accepted
person_0027,frame_182_face.jpg,42,65,885.6,81.12,Accepted
person_0027,frame_192_face.jpg,37,61,894.68,82.12,Accepted
person_0027,frame_202_face.jpg,34,60,592.56,76.96,Accepted
person_0027,frame_212_face.jpg,33,56,595.91,74.66,Accepted
person_0027,frame_222_face.jpg,35,58,644.09,77.89,Accepted
person_0027,frame_22_face.jpg,17,38,324.12,114.25,Small Face (17x38)
person_0027,frame_232_face.jpg,31,28,1040.86,115.64,Accepted
person_0027,frame_242_face.jpg,35,57,720.72,73.95,Accepted
person_0027,frame_252_face.jpg,35,59,695.1,74.81,Accepted
person_0027,frame_262_face.jpg,36,58,668.37,75.64,Accepted
person_0027,frame_272_face.jpg,33,57,803.61,79.93,Accepted
person_0027,frame_282_face.jpg,36,55,671.54,73.72,Accepted
person_0027,frame_292_face.jpg,33,56,831.6,75.95,Accepted
person_0027,frame_2_face.jpg,23,38,625.64,121.54,Accepted
person_0027,frame_302_face.jpg,36,59,718.83,76.71,Accepted
person_0027,frame_312_face.jpg,32,57,779.43,75.7,Accepted
person_0027,frame_322_face.jpg,34,59,842.41,75.32,Accepted
person_0027,frame_332_face.jpg,36,61,708.5,73.75,Accepted
person_0027,frame_342_face.jpg,37,63,919.76,73.81,Accepted
person_0027,frame_352_face.jpg,32,57,800.76,76.25,Accepted
person_0027,frame_362_face.jpg,31,58,801.22,79.15,Accepted
person_0027,frame_372_face.jpg,32,58,778.67,79.14,Accepted
person_0027,frame_382_face.jpg,34,58,747.8,76.9,Accepted
person_0027,frame_392_face.jpg,33,56,707.32,76.35,Accepted
person_0027,frame_402_face.jpg,34,57,721.89,75.56,Accepted
person_0027,frame_412_face.jpg,34,58,765.6,78.98,Accepted
person_0027,frame_422_face.jpg,38,61,900.98,84.68,Accepted
person_0027,frame_432_face.jpg,40,61,1155.45,81.03,Accepted
person_0027,frame_442_face.jpg,45,65,456.19,78.66,Accepted
person_0027,frame_452_face.jpg,44,65,310.95,77.68,Accepted
person_0027,frame_462_face.jpg,35,62,795.94,83.4,Accepted
person_0027,frame_472_face.jpg,39,63,712.38,78.76,Accepted
person_0027,frame_482_face.jpg,38,65,596.13,78.46,Accepted
person_0027,frame_52_face.jpg,43,57,320.99,79.31,Accepted
person_0027,frame_60_face.jpg,13,37,513.41,141.3,Small Face (13x37)
person_0027,frame_62_face.jpg,49,58,211.52,74.54,Accepted
person_0027,frame_70_face.jpg,17,36,361.36,129.31,Small Face (17x36)
person_0027,frame_72_face.jpg,56,59,253.72,76.11,Accepted
person_0027,frame_80_face.jpg,34,42,540.3,93.18,Accepted
person_0027,frame_82_face.jpg,56,64,598.51,82.46,Accepted
person_0027,frame_92_face.jpg,47,62,213.28,75.68,Accepted
person_0028,frame_102_face.jpg,33,44,1121.63,95.99,Accepted
person_0028,frame_112_face.jpg,34,44,884.28,96.29,Accepted
person_0028,frame_12_face.jpg,30,44,1797.89,111.41,Accepted
person_0028,frame_22_face.jpg,30,42,1202.2,111.66,Accepted
person_0028,frame_2_face.jpg,29,42,1571.83,115.18,Accepted
person_0028,frame_32_face.jpg,31,42,1131.82,110.45,Accepted
person_0028,frame_42_face.jpg,31,40,1576.1,110.61,Accepted
person_0028,frame_52_face.jpg,31,41,1439.12,110.28,Accepted
person_0028,frame_62_face.jpg,32,42,1634.78,105.93,Accepted
person_0028,frame_72_face.jpg,33,42,1952.69,100.74,Accepted
person_0028,frame_82_face.jpg,34,42,2085.96,102.68,Accepted
person_0028,frame_92_face.jpg,33,43,1805.09,102.2,Accepted
person_0029,frame_102_face.jpg,46,53,108.56,94.34,Accepted
person_0029,frame_112_face.jpg,52,49,110.02,106.63,Accepted
person_0029,frame_122_face.jpg,58,43,132.65,104.8,Accepted
person_0029,frame_12_face.jpg,31,38,1109.82,114.13,Accepted
person_0029,frame_22_face.jpg,31,38,824.97,110.8,Accepted
person_0029,frame_2_face.jpg,31,39,1032.1,114.88,Accepted
person_0029,frame_32_face.jpg,32,37,1055.99,110.18,Accepted
person_0029,frame_42_face.jpg,31,37,938.04,111.09,Accepted
person_0029,frame_52_face.jpg,32,37,1076.26,109.98,Accepted
person_0029,frame_62_face.jpg,33,41,498.13,103.91,Accepted
person_0029,frame_72_face.jpg,36,41,489.02,100.53,Accepted
person_0029,frame_92_face.jpg,44,29,221.38,78.81,Accepted
person_0034,frame_141_face.jpg,22,26,1290.78,124.78,Accepted
person_0034,frame_151_face.jpg,22,28,2320.25,125.17,Accepted
person_0034,frame_161_face.jpg,34,24,565.06,108.74,Accepted
person_0034,frame_174_face.jpg,33,30,290.02,100.31,Accepted
person_0034,frame_184_face.jpg,30,22,100.81,93.74,Accepted
person_0034,frame_194_face.jpg,22,34,620.28,117.84,Accepted
person_0034,frame_204_face.jpg,52,44,103.25,105.81,Accepted
person_0036,frame_150_face.jpg,29,41,1400.74,103.45,Accepted
person_0036,frame_160_face.jpg,31,38,2212.46,107.7,Accepted
person_0036,frame_170_face.jpg,31,39,2413.05,103.19,Accepted
person_0036,frame_180_face.jpg,29,39,2028.57,102.37,Accepted
person_0036,frame_190_face.jpg,28,41,2147.39,107.79,Accepted
person_0036,frame_214_face.jpg,26,36,1679.47,113.42,Accepted
person_0036,frame_224_face.jpg,25,40,1073.72,117.54,Accepted
person_0036,frame_234_face.jpg,24,39,1109.72,118.16,Accepted
person_0036,frame_244_face.jpg,29,42,1314.36,106.8,Accepted
person_0036,frame_271_face.jpg,29,41,1383.29,104.04,Accepted
person_0036,frame_281_face.jpg,27,38,2166.44,112.24,Accepted
person_0036,frame_291_face.jpg,31,40,2287.9,104.16,Accepted
person_0036,frame_301_face.jpg,31,43,1902.37,101.29,Accepted
person_0036,frame_311_face.jpg,27,39,1492.42,109.42,Accepted
person_0036,frame_321_face.jpg,29,40,1943.06,101.95,Accepted
person_0041,frame_205_face.jpg,27,35,878.04,124.62,Accepted
person_0041,frame_216_face.jpg,29,35,460.93,108.84,Accepted
person_0041,frame_233_face.jpg,24,31,930.44,78.45,Accepted
person_0041,frame_243_face.jpg,34,31,83.01,112.49,Accepted
person_0041,frame_253_face.jpg,51,59,182.28,127.66,Accepted
person_0041,frame_263_face.jpg,56,71,383.5,128.46,Accepted
person_0043,frame_262_face.jpg,32,37,771.93,116.99,Accepted
person_0043,frame_272_face.jpg,33,37,1456.87,114.79,Accepted
person_0043,frame_282_face.jpg,34,29,1057.63,100.53,Accepted
person_0043,frame_292_face.jpg,37,25,1000.24,79.23,Accepted
person_0043,frame_302_face.jpg,37,35,1238.11,105.63,Accepted
person_0043,frame_312_face.jpg,38,38,1015.58,109.62,Accepted
person_0043,frame_322_face.jpg,39,42,713.66,108.78,Accepted
person_0043,frame_332_face.jpg,46,51,199.08,111.78,Accepted
person_0043,frame_342_face.jpg,49,56,157.35,107.93,Accepted
person_0048,frame_343_face.jpg,31,38,1645.79,115.19,Accepted
person_0048,frame_353_face.jpg,31,40,1106.27,102.04,Accepted
person_0048,frame_363_face.jpg,31,38,845.58,102.28,Accepted
person_0048,frame_373_face.jpg,31,38,941.37,106.15,Accepted
person_0048,frame_383_face.jpg,36,39,668.25,114.7,Accepted
person_0048,frame_393_face.jpg,27,33,1576.84,127.27,Accepted
person_0048,frame_403_face.jpg,24,31,260.27,54.42,Accepted
person_0048,frame_413_face.jpg,33,39,1567.76,102.81,Accepted
person_0048,frame_423_face.jpg,36,44,582.29,107.47,Accepted
person_0048,frame_433_face.jpg,36,48,198.19,100.86,Accepted
person_0048,frame_443_face.jpg,42,55,109.79,102.14,Accepted
person_0050,frame_350_face.jpg,26,35,1182.39,110.55,Accepted
person_0050,frame_360_face.jpg,32,44,1032.61,99.31,Accepted
person_0050,frame_386_face.jpg,27,44,1428.21,100.24,Accepted
person_0050,frame_396_face.jpg,26,40,1732.78,108.63,Accepted
person_0050,frame_406_face.jpg,30,40,2364.65,102.86,Accepted
person_0050,frame_416_face.jpg,33,43,1448.0,98.84,Accepted
person_0055,frame_104_face.jpg,28,32,444.76,131.5,Accepted
person_0055,frame_124_face.jpg,28,24,204.12,111.32,Accepted
person_0055,frame_134_face.jpg,27,35,154.06,117.56,Accepted
person_0055,frame_144_face.jpg,28,54,357.93,128.48,Accepted
person_0055,frame_154_face.jpg,42,60,257.94,106.4,Accepted
person_0055,frame_164_face.jpg,45,61,135.46,93.57,Accepted
person_0055,frame_174_face.jpg,45,62,267.99,99.6,Accepted
person_0055,frame_184_face.jpg,39,58,303.49,105.32,Accepted
person_0055,frame_24_face.jpg,19,28,134.36,148.5,Small Face (19x28)
person_0055,frame_34_face.jpg,21,22,291.21,135.79,Accepted
person_0055,frame_4_face.jpg,30,56,492.14,137.91,Accepted
person_0055,frame_54_face.jpg,22,33,353.71,118.79,Accepted
person_0055,frame_64_face.jpg,38,56,349.55,124.6,Accepted
person_0055,frame_74_face.jpg,42,57,354.87,117.9,Accepted
person_0055,frame_84_face.jpg,27,48,558.15,139.0,Accepted
person_0055,frame_94_face.jpg,26,32,451.4,127.81,Accepted
person_0056,frame_105_face.jpg,17,31,780.58,77.15,Small Face (17x31)
person_0056,frame_115_face.jpg,20,36,531.18,69.09,Accepted
person_0056,frame_125_face.jpg,25,41,418.38,74.17,Accepted
person_0056,frame_135_face.jpg,24,42,567.46,74.07,Accepted
person_0056,frame_145_face.jpg,23,42,583.17,80.27,Accepted
person_0056,frame_155_face.jpg,26,44,1319.38,93.83,Accepted
person_0056,frame_183_face.jpg,27,33,421.58,88.01,Accepted
person_0056,frame_193_face.jpg,29,36,565.32,74.82,Accepted
person_0056,frame_206_face.jpg,32,34,788.69,73.42,Accepted
person_0056,frame_216_face.jpg,35,27,919.71,77.8,Accepted
person_0056,frame_450_face.jpg,28,39,714.22,99.08,Accepted
person_0056,frame_460_face.jpg,32,43,1339.85,102.13,Accepted
person_0056,frame_470_face.jpg,33,43,740.64,98.44,Accepted
person_0056,frame_480_face.jpg,33,43,565.76,95.13,Accepted
person_0056,frame_55_face.jpg,30,43,853.24,115.73,Accepted
person_0056,frame_65_face.jpg,30,41,697.5,101.58,Accepted
person_0056,frame_75_face.jpg,20,37,1336.09,99.76,Accepted
person_0056,frame_85_face.jpg,20,32,2927.87,85.33,Accepted
person_0056,frame_95_face.jpg,19,32,1965.49,80.53,Small Face (19x32)
person_0062,frame_118_face.jpg,23,50,980.64,108.79,Accepted
person_0062,frame_128_face.jpg,25,48,1234.89,108.61,Accepted
person_0062,frame_138_face.jpg,25,47,772.61,116.84,Accepted
person_0062,frame_148_face.jpg,24,49,465.45,121.38,Accepted
person_0062,frame_158_face.jpg,24,49,486.33,117.08,Accepted
person_0062,frame_168_face.jpg,26,50,592.47,127.98,Accepted
person_0062,frame_178_face.jpg,26,53,659.52,127.05,Accepted
person_0062,frame_188_face.jpg,27,55,444.46,126.52,Accepted
person_0062,frame_198_face.jpg,24,51,521.98,135.36,Accepted
person_0062,frame_268_face.jpg,20,49,545.28,130.83,Accepted
person_0062,frame_278_face.jpg,19,44,506.97,138.97,Small Face (19x44)
person_0062,frame_298_face.jpg,23,50,483.08,137.64,Accepted
person_0062,frame_308_face.jpg,25,50,424.11,139.75,Accepted
person_0062,frame_318_face.jpg,26,49,527.88,142.63,Accepted
person_0062,frame_328_face.jpg,32,49,405.87,128.89,Accepted
person_0062,frame_98_face.jpg,24,50,239.39,84.72,Accepted
person_0085,frame_105_face.jpg,26,50,120.32,39.54,Accepted
person_0085,frame_75_face.jpg,25,41,115.91,39.76,Accepted
person_0085,frame_85_face.jpg,31,46,105.26,34.97,Accepted
person_0085,frame_95_face.jpg,35,48,82.22,34.46,Accepted
person_0090,frame_102_face.jpg,88,115,174.93,97.28,Accepted
person_0090,frame_112_face.jpg,88,108,172.82,99.76,Accepted
person_0090,frame_122_face.jpg,88,114,174.46,102.92,Accepted
person_0090,frame_12_face.jpg,87,111,173.02,90.62,Accepted
person_0090,frame_22_face.jpg,88,111,160.17,90.22,Accepted
person_0090,frame_2_face.jpg,90,110,147.81,93.58,Accepted
person_0090,frame_32_face.jpg,87,112,157.79,91.73,Accepted
person_0090,frame_42_face.jpg,86,113,158.89,92.49,Accepted
person_0090,frame_52_face.jpg,88,116,173.65,94.2,Accepted
person_0090,frame_62_face.jpg,88,112,167.7,95.51,Accepted
person_0090,frame_72_face.jpg,88,111,162.71,99.17,Accepted
person_0090,frame_82_face.jpg,87,112,156.65,97.0,Accepted
person_0090,frame_92_face.jpg,89,112,179.1,99.72,Accepted
person_0091,frame_102_face.jpg,73,96,119.52,103.17,Accepted
person_0091,frame_112_face.jpg,72,98,119.07,103.67,Accepted
person_0091,frame_122_face.jpg,75,99,119.88,108.59,Accepted
person_0091,frame_12_face.jpg,73,97,121.94,98.22,Accepted
person_0091,frame_22_face.jpg,73,98,113.88,95.35,Accepted
person_0091,frame_272_face.jpg,24,28,94.97,165.26,Accepted
person_0091,frame_2_face.jpg,72,100,128.33,97.3,Accepted
person_0091,frame_32_face.jpg,72,97,122.22,98.89,Accepted
person_0091,frame_42_face.jpg,72,97,121.67,99.45,Accepted
person_0091,frame_52_face.jpg,75,97,126.17,100.39,Accepted
person_0091,frame_62_face.jpg,75,100,121.96,102.03,Accepted
person_0091,frame_72_face.jpg,75,102,117.64,101.91,Accepted
person_0091,frame_82_face.jpg,75,98,117.73,101.54,Accepted
person_0091,frame_92_face.jpg,72,98,121.11,104.52,Accepted
person_0092,frame_124_face.jpg,39,54,117.96,158.42,Accepted
person_0092,frame_134_face.jpg,39,53,100.23,158.12,Accepted
person_0092,frame_144_face.jpg,40,55,140.7,157.48,Accepted
person_0092,frame_154_face.jpg,39,54,182.86,159.16,Accepted
person_0092,frame_164_face.jpg,39,56,166.5,159.89,Accepted
person_0092,frame_174_face.jpg,40,56,149.96,159.47,Accepted
person_0092,frame_184_face.jpg,37,55,219.27,158.98,Accepted
person_0092,frame_194_face.jpg,40,54,136.71,158.51,Accepted
person_0092,frame_204_face.jpg,40,55,174.44,156.14,Accepted
person_0092,frame_214_face.jpg,41,56,142.91,156.57,Accepted
person_0092,frame_224_face.jpg,40,56,177.36,160.71,Accepted
person_0092,frame_234_face.jpg,40,56,147.31,158.92,Accepted
person_0092,frame_244_face.jpg,39,55,179.77,159.18,Accepted
person_0092,frame_254_face.jpg,41,55,135.16,154.25,Accepted
person_0092,frame_264_face.jpg,39,53,133.82,155.26,Accepted
person_0092,frame_274_face.jpg,40,52,129.55,151.8,Accepted
person_0092,frame_284_face.jpg,39,54,157.85,154.39,Accepted
person_0092,frame_294_face.jpg,38,57,215.84,152.83,Accepted
person_0092,frame_304_face.jpg,38,57,220.14,148.88,Accepted
person_0092,frame_314_face.jpg,39,56,188.27,151.63,Accepted
person_0092,frame_324_face.jpg,39,55,184.52,152.51,Accepted
person_0092,frame_334_face.jpg,38,56,155.61,152.95,Accepted
person_0092,frame_344_face.jpg,39,55,171.33,155.14,Accepted
person_0092,frame_354_face.jpg,39,55,168.92,156.56,Accepted
person_0092,frame_364_face.jpg,38,55,175.56,154.96,Accepted
person_0092,frame_374_face.jpg,38,55,187.25,152.9,Accepted
person_0092,frame_384_face.jpg,30,52,85.84,161.76,Accepted
person_0092,frame_394_face.jpg,26,49,189.67,163.35,Accepted
person_0093,frame_102_face.jpg,64,90,366.54,128.81,Accepted
person_0093,frame_112_face.jpg,64,87,416.72,131.2,Accepted
person_0093,frame_122_face.jpg,65,87,325.39,135.89,Accepted
person_0093,frame_12_face.jpg,65,88,423.8,123.43,Accepted
person_0093,frame_22_face.jpg,66,87,513.65,120.87,Accepted
person_0093,frame_2_face.jpg,66,88,464.63,125.1,Accepted
person_0093,frame_32_face.jpg,65,91,361.88,124.15,Accepted
person_0093,frame_42_face.jpg,65,85,398.46,126.18,Accepted
person_0093,frame_52_face.jpg,65,84,391.54,127.81,Accepted
person_0093,frame_62_face.jpg,64,87,399.42,129.63,Accepted
person_0093,frame_72_face.jpg,65,86,417.96,130.04,Accepted
person_0093,frame_82_face.jpg,66,85,399.89,127.65,Accepted
person_0093,frame_92_face.jpg,63,85,414.76,131.88,Accepted
person_0094,frame_122_face.jpg,61,80,857.06,109.58,Accepted
person_0094,frame_132_face.jpg,26,23,306.73,103.81,Accepted
person_0094,frame_142_face.jpg,27,23,255.45,103.07,Accepted
person_0094,frame_152_face.jpg,26,22,198.82,104.06,Accepted
person_0094,frame_15_face.jpg,57,75,445.78,97.27,Accepted
person_0094,frame_162_face.jpg,28,22,332.92,104.44,Accepted
person_0094,frame_172_face.jpg,26,23,360.93,106.12,Accepted
person_0094,frame_182_face.jpg,27,23,300.76,104.3,Accepted
person_0094,frame_192_face.jpg,26,23,390.64,103.13,Accepted
person_0094,frame_202_face.jpg,29,25,342.77,104.9,Accepted
person_0094,frame_212_face.jpg,27,23,245.24,107.48,Accepted
person_0094,frame_222_face.jpg,26,23,326.99,108.1,Accepted
person_0094,frame_232_face.jpg,26,24,317.35,108.19,Accepted
person_0094,frame_242_face.jpg,25,23,269.38,110.75,Accepted
person_0094,frame_252_face.jpg,26,22,362.24,108.35,Accepted
person_0094,frame_25_face.jpg,58,80,926.33,101.1,Accepted
person_0094,frame_262_face.jpg,27,22,334.67,104.27,Accepted
person_0094,frame_272_face.jpg,27,22,282.5,104.52,Accepted
person_0094,frame_302_face.jpg,30,29,316.54,96.63,Accepted
person_0094,frame_312_face.jpg,30,29,307.57,98.09,Accepted
person_0094,frame_322_face.jpg,29,28,281.74,97.51,Accepted
person_0094,frame_332_face.jpg,28,23,285.54,104.73,Accepted
person_0094,frame_35_face.jpg,63,80,967.5,98.98,Accepted
person_0094,frame_3_face.jpg,59,78,830.9,101.64,Accepted
person_0094,frame_45_face.jpg,61,78,701.24,102.14,Accepted
person_0094,frame_55_face.jpg,61,78,855.14,102.78,Accepted
person_0094,frame_65_face.jpg,62,80,906.93,101.0,Accepted
person_0094,frame_75_face.jpg,62,76,788.88,107.0,Accepted
person_0094,frame_85_face.jpg,59,79,783.44,103.67,Accepted
person_0094,frame_95_face.jpg,63,80,867.05,105.16,Accepted
person_0096,frame_135_face.jpg,28,46,266.61,164.82,Accepted
person_0096,frame_145_face.jpg,30,47,203.18,157.23,Accepted
person_0096,frame_155_face.jpg,27,40,236.8,162.92,Accepted
person_0096,frame_165_face.jpg,30,45,202.03,159.31,Accepted
person_0096,frame_175_face.jpg,28,43,227.91,163.29,Accepted
person_0096,frame_185_face.jpg,28,43,220.29,162.18,Accepted
person_0096,frame_195_face.jpg,29,42,201.43,159.43,Accepted
person_0096,frame_205_face.jpg,29,46,196.24,162.46,Accepted
person_0096,frame_215_face.jpg,30,47,204.38,156.73,Accepted
person_0096,frame_225_face.jpg,30,48,235.67,155.78,Accepted
person_0096,frame_235_face.jpg,29,48,165.23,156.86,Accepted
person_0096,frame_245_face.jpg,31,48,210.22,157.27,Accepted
person_0096,frame_275_face.jpg,31,42,201.13,153.81,Accepted
person_0096,frame_295_face.jpg,29,44,167.26,158.84,Accepted
person_0096,frame_305_face.jpg,29,44,207.62,160.92,Accepted
person_0096,frame_315_face.jpg,27,41,236.14,160.2,Accepted
person_0096,frame_325_face.jpg,30,45,207.51,154.67,Accepted
person_0096,frame_335_face.jpg,28,45,232.41,157.27,Accepted
person_0096,frame_345_face.jpg,29,40,235.61,158.33,Accepted
person_0096,frame_355_face.jpg,28,44,234.63,159.28,Accepted
person_0097,frame_125_face.jpg,25,39,624.41,108.82,Accepted
person_0097,frame_142_face.jpg,27,44,492.99,108.68,Accepted
person_0098,frame_811_face.jpg,31,54,260.59,78.34,Accepted
person_0098,frame_821_face.jpg,28,50,272.99,87.75,Accepted
person_0098,frame_831_face.jpg,30,54,299.66,77.64,Accepted
person_0098,frame_841_face.jpg,31,53,259.39,76.05,Accepted
person_0098,frame_851_face.jpg,32,52,288.96,75.75,Accepted
person_0098,frame_861_face.jpg,31,52,282.91,77.92,Accepted
person_0098,frame_871_face.jpg,31,54,270.61,79.77,Accepted
person_0098,frame_881_face.jpg,32,54,281.04,79.19,Accepted
person_0098,frame_891_face.jpg,33,59,359.68,88.59,Accepted
person_0098,frame_901_face.jpg,36,65,214.99,105.57,Accepted
person_0099,frame_811_face.jpg,25,48,88.35,145.78,Accepted
person_0099,frame_821_face.jpg,31,51,193.85,140.39,Accepted
person_0099,frame_831_face.jpg,27,50,60.9,147.32,Accepted
person_0099,frame_841_face.jpg,29,51,43.86,151.87,Accepted
person_0099,frame_851_face.jpg,39,56,107.91,147.47,Accepted
person_0099,frame_861_face.jpg,40,56,193.63,146.85,Accepted
person_0099,frame_871_face.jpg,40,55,186.51,148.46,Accepted
person_0099,frame_881_face.jpg,41,55,96.71,150.71,Accepted
person_0099,frame_891_face.jpg,38,56,136.9,146.75,Accepted
person_0099,frame_901_face.jpg,38,51,105.49,132.38,Accepted
person_0101,frame_831_face.jpg,22,48,273.52,149.69,Accepted
person_0101,frame_851_face.jpg,30,51,206.73,157.4,Accepted
person_0101,frame_861_face.jpg,33,52,174.06,160.65,Accepted
person_0101,frame_871_face.jpg,34,49,255.57,164.03,Accepted
person_0101,frame_881_face.jpg,39,57,202.8,156.93,Accepted
person_0101,frame_891_face.jpg,40,57,258.59,161.62,Accepted
person_0101,frame_901_face.jpg,41,58,28.64,164.84,Accepted
person_0104,frame_1141_face.jpg,41,44,66.52,93.81,Accepted
person_0104,frame_1151_face.jpg,41,45,174.37,127.25,Accepted
person_0104,frame_1161_face.jpg,39,44,243.63,138.84,Accepted
person_0104,frame_1171_face.jpg,39,45,208.27,139.79,Accepted
person_0104,frame_1181_face.jpg,40,44,188.0,138.86,Accepted
person_0104,frame_1191_face.jpg,40,46,166.45,135.04,Accepted
person_0104,frame_1205_face.jpg,21,27,1105.27,126.2,Accepted
person_0104,frame_1215_face.jpg,21,27,988.66,125.79,Accepted
person_0104,frame_1225_face.jpg,22,28,1034.24,122.83,Accepted
person_0104,frame_1235_face.jpg,21,26,717.47,128.3,Accepted
person_0104,frame_1245_face.jpg,21,26,851.71,127.5,Accepted
person_0104,frame_1255_face.jpg,21,26,762.24,130.22,Accepted
person_0104,frame_1265_face.jpg,21,27,519.86,115.93,Accepted
person_0104,frame_1275_face.jpg,20,27,204.21,47.6,Accepted
person_0106,frame_1146_face.jpg,31,37,828.89,112.4,Accepted
person_0106,frame_1156_face.jpg,33,37,929.87,139.57,Accepted
person_0106,frame_1166_face.jpg,33,37,986.02,141.01,Accepted
person_0106,frame_1176_face.jpg,33,36,868.23,140.86,Accepted
person_0106,frame_1186_face.jpg,33,37,1044.16,138.5,Accepted
person_0106,frame_1196_face.jpg,33,36,832.47,139.52,Accepted
person_0107,frame_1146_face.jpg,31,50,652.46,83.18,Accepted
person_0107,frame_1156_face.jpg,29,47,1410.54,116.02,Accepted
person_0107,frame_1166_face.jpg,29,47,1342.43,117.91,Accepted
person_0107,frame_1176_face.jpg,29,49,1269.84,115.92,Accepted
person_0107,frame_1186_face.jpg,29,47,1275.64,116.66,Accepted
person_0107,frame_1196_face.jpg,28,47,1141.12,116.81,Accepted
person_0108,frame_1203_face.jpg,23,36,310.26,84.19,Accepted
person_0108,frame_1223_face.jpg,25,39,834.65,77.91,Accepted
person_0108,frame_1233_face.jpg,26,41,661.39,76.6,Accepted
person_0108,frame_1243_face.jpg,26,42,656.59,77.27,Accepted
person_0108,frame_1253_face.jpg,24,40,830.26,80.16,Accepted
person_0108,frame_1263_face.jpg,24,39,763.13,81.45,Accepted
person_0108,frame_1273_face.jpg,26,40,305.68,30.09,Accepted
person_0108,frame_1283_face.jpg,23,40,55.27,10.37,Accepted
person_0111,frame_1206_face.jpg,28,46,1252.93,72.35,Accepted
person_0111,frame_1216_face.jpg,27,41,1064.66,70.86,Accepted
person_0111,frame_1226_face.jpg,27,45,1218.59,70.93,Accepted
person_0111,frame_1236_face.jpg,29,45,1209.74,76.12,Accepted
person_0111,frame_1246_face.jpg,28,45,1041.49,74.57,Accepted
person_0111,frame_1256_face.jpg,29,47,1136.55,75.7,Accepted
